Built,n,prop
3.5.0,1342,0.9668587896253602
3.5.1,46,0.03314121037463977
